{"stats":{"minecraft:killed_by":{"minecraft:husk":1},"minecraft:custom":{"minecraft:jump":62,"minecraft:time_since_rest":4568,"minecraft:damage_dealt":189,"minecraft:damage_taken":375,"minecraft:leave_game":3,"minecraft:time_since_death":4480,"minecraft:play_time":5546,"minecraft:sprint_one_cm":5922,"minecraft:walk_one_cm":4537,"minecraft:deaths":1,"minecraft:sneak_time":8,"minecraft:total_world_time":5546,"minecraft:fall_one_cm":1312,"minecraft:fly_one_cm":17174},"minecraft:mined":{"minecraft:dead_bush":1}},"DataVersion":2975}